Student ID,First Name,Last Name,Home Phone,Mother First Name,Mother Last Name,Mother Cell Phone,Father First Name,Father Last Name,Father Cell Phone
8402450947294,AADHYA,CARTIK,6144049115,,,,Cartik,Seshan,6144049115
8402650351877,AANSHI,PATEL,3802197648,Vaibhavi,Patel,3312009646,DHAVAL,PATEL,3802197648
8402550816551,AARON,CHEUNG,6509969508,,,,Michael,Cheung,6509969508
8402351091485,AATIKA,AHMAD,6143772616,,,,,,
8402650473036,ABDALLAH,QALINLE,9526883268,Rodo,Ahmed,6142062343,Omar,Qalinle,9526883268
8402550816520,ADAM,BAHADER,4193226926,Balsam,Alhwaidi,4193226926,Ghaith,Bahader,4193226100
8402251231769,AGARAN,KARTHIK,419 3789316,Arishma Parvathy Ammal,Thanu,,Karthik,Nathan,
8402551080005,AIDAN,ROWLANDS,6144390237,Jayani,Parana Liyange,6144390237,,,
8402450135714,AISHA,YADAV,8013680979,Nilam,Yadav,3852168394,Bidhyananda,Yadav,8013680979
8402650247934,ANIRUDDH,MUKHERJEE,7816669272,Subhra,Mukherjee,7816669272,,,
8402550537050,ANVIK,VISTARAKULA,7343557748,Niharika,Vistarakula,7343557748,,,
8402350754190,ARJUN,BOBADE,9252161300,,,,Ravindra,Bobade,
8402650648618,ARJUN,BRAJPURIYA,6146153264,Shilpi,Brajpuriya,6146153264,,,
8401950385230,ARTIN,AZAD,4804559791,Fariba,Salehi,4804559791,Parviz,Azad,4804558090
8402550389017,ARYA,SHELAT,6144460364,,,,Chirag,Shelat,6148061015
8402450947300,ARYAM,ZINDAH,6142700793,Sabrih,Younus,6142700793,Wisam,Zindah,6142701199
8402350525554,ARYAMAN,PATEL,614 6747568,Mayuri,Patel,,Vasantkumar,Patel,
8402650457067,ASEEL,ZINDAH,6142700793,Sabriah,Younus,6142701199,Wisam,Zindah,6142701199
8402650409523,AUSTIN,MAURER,3306976446,Lindsey,Stewart,3306976446,,,
8402650655838,BENAS,BEREKET,2202284323,,,,HAGOS,YEABYO,2202284323
8402250799390,BENJAMIN,PALACIOS,843 5323556,Margaret,Palacios,,Denny,Palacios,
8402650280320,BEYNEOR,BEREKET,2202284323,,,,Hagos,Bereket,2202382955
8402350137429,BLAIRE,SAUL,8502461356,Emily,Saul,8502461356,Frank,Saul,6142648466
8402650320026,BRAYDEN,ABRAMS,6149052425,Shannon,Abrams,6149052425,,,
8402550259815,CAMILA,SANCHEZ CRUZ,6147175034,Maricela,Garcia,6147175034,,,
8402350024811,CAPRI,MENDIETA,614 2264333,Christina,Mendieta,,Edgar,Mendieta,
8402550816544,CATARINA,ALETO KAVALIOY,6143700344,Fernanda,Aleto,6143700344,Siarhei,Kavalioy,6149711618
8402250458570,DARSHI,PATEL,614 6197887,Chaitali,Patel,614 6197886,Ruchir,Patel,614 6197887
8402550121631,DHRUV,PANDIT,3807992444,,,,Heena,Pandit,3807992444
8402350969983,DHRUVANSH,SHARMA,404 3845801,Bhavana,Sharma,404 3846214,,,
8402350525530,DIA,SHYAM,2485580204,,,,Shyam,Joseph,2485580204
8402451128753,DIRGHA,RAVAL,6143596696,,,,Nishant,Raval,3802574158
8402250543979,DIVYA,PATEL,6147364444,Suyogi,patel,6147364455,amrish,patel,6147364444
8402550618261,DIYAN,PATEL,6144774061,Nehal,Patel,6143905479,,,
8402650279911,EFRIM,BEREKET,2202384323,,,,Hagos,Bereket,2202382955
8402550259839,EMMA,PALACIOS,8435323556,,,,Denny,Palacios,8435323556
8401950870910,EMMA,DOPKISS,614 3715605,Jessica,Dopkiss,614 3715605,Matthew,Dopkiss,614 4461184
8402650280450,EVA,PATEL,7343538969,Bhumikaben,Patel,7343538969,Keyurbhai,Patel,7343536354
8402350401940,EVANPREET,NAGRA,614 8225119,Sandeep,Nagra,614 8225119,,,
8402350970019,GURKARAN,SINGH,6148225119,,,,Gurwinder,Joia,6148225119
8402450027866,HAYDEN,MAURER,3306976446,Lindsey,Maurer,3306976446,Craig,Maurer,2169784050
8402650659188,HENUS,BEREKET,2202284323,HAGOS,YEABYO,2202284323,,,
8402251016779,HIT,PATEL,6144011860,Pinkal,Patel,6249734408,Amish,Patel,6144011860
8402551132568,ISABELLA,RODRIGUEZ,3477388029,Krystal,Rodriguez,3477388029,,,
8402150026633,JACK,PALACIOS,843 5323556,Margaret,Palacios,,Denny,Palacios,
8402450947331,JAMES,DOPKISS,6143715605,Jessica,Dopkiss,6143715605,Matthew,Dopkiss,6144461184
8402650540226,JHOSTIN,CARTAGENA,6147874681,Sandra,Molina,6147874681,,,
8402350401964,JOSEPH,SOLOMON,6147178777,,,,Kaldoon,Solomon,
8402351091492,JUDE,BAHADER,1419322692,Balsam,Alhwaidi,,Ghaith,Bahader,
8402451057244,JWALIN,DESAI,6146150612,,,,Deval,Desai,6146150612
8402450300341,KALEAB,TESFAYE,4437438888,Hana,Haile,4437438888,Tesfaye,Bati,4437438505
8402451057268,KATARA,THEODORIS,2398262059,,,,George,Theodoris,2398262059
8402450111688,KATHERINE,SHORT,6145073115,Alice,Short,6145073115,Theron,Short,6147169522
8402250528150,KEERTHANA,PRABHU,347 6336073,Suma,Prabhu,,Yogeesh,Prabhu,
8402050583359,KRISHA,PATEL,614 4372299,Megha,Patel,,Ashvin,Patel,
8402450947324,KUSHAGR,TOLANI,4125873651,Palak,Tolani,4125873651,Kamlesh,Tolani,4126363320
8402450947287,LENNON,CORONA BUELL,6149377198,Jessica,Hazelbaker-Buell,6149377198,Jorge,Corona,9513851939
8402650354069,LOCHLAN,MENDIETA,6142264333,,,,Edgar,Mendieta,6142264333
8402650115073,LUCY,MURNANE,6145199319,Linda,Murnane,6145199319,,,
8402550259808,MAHAVIRSINH,CHAVADA,7737546580,Monika,Chavada,6148129475,Chhatrasinh,A CHAVADA,7737546580
8402450507054,MALAK,MOHAMED,6146380283,Samiya,Mohamed,,Hussein,Mohamed,6146380283
8402350618447,MEALAT,TESFAYE,4437438888,Hana,Haile,4437438888,,,
8402450594931,MIRA,SHALABI,6143907468,Ghadeer,Abuyassen,6143907468,Ahmad,Shalabi,6149723995
8402650473074,MOHAMED,QALINLE,9526883268,Rodo,Ahmed,6142062343,Omar,Qalinle,9526883268
8402151007846,MOHAMMED,SHALABI,614 3907468,Ghadeer,Abuyassen,,Ahmed,Shalabi,
8402450947355,MOHAMMED,MIMI,3479072394,,,,Abdalmageed,Mimi,3479072394
8402650441899,MUSTAFA,AL RUBAYE,9197985777,Hiba,Al rubaye,9197985777,,,
8401750405381,NIRANJANA PARU,RAJEEV,651 2106239,Nithya,Rajeev,,Rajeev,Kumar,651 4001535
8402150600499,NIRMAAN,PATEL,614 6199991,Hiral,Patel,614 6199991,,,
8402250458594,NIRMANI,PATEL,6147364444,Suyogi,patel,6147364455,amrish,patel,6147364444
8402650552847,OSCAR,CARTAGENA,6147874681,Sandra,Molina,6147874681,,,
8402650050206,OWEN,STEIN-FUCHS,4356596308,Shiloh,Stein,4356596308,,,
8401950302817,PANKTI,PATEL,6147473337,Jinalben,Patel,6147473337,Ghansham,Patel,6145988175
8401750505579,PANTHI,PATEL,614 4372299,Megha,Patel,614 9065363,Ashvin,Patel,
8402650542305,PHARELL,MWANGI,8434681012,Caroline,Mulama,8434681012,,,
8402450218691,PRANAV,ARUMUGAM,4194914161,Hemalatha,Arumugam,4194914161,Arumugam,Jayabalan,9496149543
8402450300389,PURAJIT,MADHAN MOHAN,3179356393,Prabavathi,Chellan,3179356393,Madhan Mohan,Venu Gopal,3177495002
8402050385403,RAHI,PATEL,614 3069427,Prikantiben,Patel,,Nimeshbhai,Patel,614 4011803
8402350525585,RITHVIK,VINAYAK,774 2626417,Soundarya,Gowtham,774 2626417,,,
8402550259853,SADHVI,PUTHENPURACKAL PRATHEP,2488263432,,,,Pratheep,Puthenpurackal Sudhakaran,2488263432
8401850864385,SAI PRANAV,MURUGESAN,8605341779,Vanjeswari,Vanjiappan,,,,
8402550618216,SARA,BOUMERDASSI,6143168266,Radia,Nairi,6143168266,,,
8402450027880,SHAYAN,HARIPRASAD,3176521282,,,,Hariprasad,Avalur Palanisamy,3176521282
8402450947348,SHRIKAR,VORUGANTI,6146322822,,,,Kiran,Voruganti,6146322822
8401650534112,SHRISH,KARTHIKEYAN,6149347108,Gayathri,Karthikeyan,6147870003,,,
8402450507061,SIYA,PATEL,6145357953,Ami,Patel,6145357953,,,
8402450507108,SOPHIA,AHMED,6145157846,Amira,Said,6145157846,,,
8402450507085,SWARA,PATEL,6147679137,Dhruvini,Patel,6147679137,Tarpit,Patel,3303180043
8402650472992,TAMEMAH,QALINLE,9526883268,Rodo,Ahmed,6142062343,Omar,Qalinle,9526883268
8402250799536,TASHI,PHANITLUECHACHAI,7409538005,Buttree,Kirachaiwanich,,,,
8402350618416,TYLER,THEODORIS,239 8262059,,,,George,Theodoris,
8401750611812,VEER,PATEL,6147473337,Jinal,Patel,,Grhanshyambhai,Patel,
8402050136814,VICTORIA,MENDIETA,614 2264333,Christina,Mendieta,,Edgar,Mendieta,
8402150345093,VIHAAN,HARIPRASAD,317 6521282,Gomathi,Jawahar,614 5977773,Hariprasad,Avalur Palanisamy,317 6521282
8402050022131,VIRAJ SAGAR,PATEL,478 7319532,Simran,Patel,,Sagar,Patel,
8402350137412,WILLIAM,DOPKISS,6143715605,Jessica,Dopkiss,6143715605,Matthew,Dopkiss,6144461184
8402650050305,WYATT,STEIN-FUCHS,4356596308,Shiloh,Stein,4356596308,,,
8402550814113,YAATHRA,SUGANTH,6147078590,,,,Suganth,Rajendran,6147078590
8402450947386,YOUSEF,ZINDAH,6142700793,Sabriah,Younus,6142700793,Wisam,Zindah,6142700793
8402150603346,ZACHARY,KHALIFA,614 8052681,Nimo,Abdi,614 8052681,Muhammad,Khalifa,734 9043458
8402450507047,ZANE,THEODORIS,2398262059,,,,George,Theodoris,2398262059
8402650468100,ZUBAIDA,QALINLE,6147875383,Rodo,Ahmed,6142062343,Omar,Qalinle,9526883268
